{
  "__requires": [
    {
      "type": "grafana",
      "id": "grafana",
      "name": "Grafana",
      "version": "7.4.5"
    },
    {
      "type": "panel",
      "id": "stat",
      "name": "Stat"
    },
    {
      "type": "datasource",
      "id": "prometheus",
      "name": "Prometheus"
    },
    {
      "type": "panel",
      "id": "timeseries",
      "name": "Timeseries"
    }
  ],
  "annotations": {
    "list": [
      {
        "builtIn": 1,
        "datasource": {
          "type": "datasource",
          "uid": "grafana"
        },
        "enable": true,
        "hide": true,
        "iconColor": "rgba(0, 211, 255, 1)",
        "name": "Annotations & Alerts",
        "type": "dashboard"
      }
    ]
  },
  "editable": true,
  "fiscalYearStartMonth": 0,
  "graphTooltip": 0,
  "id": 13,
  "links": [],
  "panels": [
    {
      "collapsed": false,
      "datasource": {
        "type": "datasource",
        "uid": "grafana"
      },
      "gridPos": {
        "h": 1,
        "w": 24,
        "x": 0,
        "y": 0
      },
      "id": 4,
      "panels": [],
      "targets": [
        {
          "datasource": {
            "type": "datasource",
            "uid": "grafana"
          },
          "refId": "A"
        }
      ],
      "title": "Custom Resources",
      "type": "row"
    },
    {
      "datasource": "${DS_PROMETHEUS}",
      "fieldConfig": {
        "defaults": {
          "color": {
            "mode": "thresholds"
          },
          "mappings": [
            {
              "options": {
                "match": "null",
                "result": {
                  "text": "N/A"
                }
              },
              "type": "special"
            }
          ],
          "thresholds": {
            "mode": "absolute",
            "steps": [
              {
                "color": "green",
                "value": null
              },
              {
                "color": "red",
                "value": 80
              }
            ]
          },
          "unit": "none"
        },
        "overrides": []
      },
      "gridPos": {
        "h": 6,
        "w": 4,
        "x": 0,
        "y": 1
      },
      "id": 2,
      "maxDataPoints": 100,
      "options": {
        "colorMode": "none",
        "graphMode": "none",
        "justifyMode": "auto",
        "orientation": "horizontal",
        "reduceOptions": {
          "calcs": [
            "lastNotNull"
          ],
          "fields": "",
          "values": false
        },
        "showPercentChange": false,
        "textMode": "auto",
        "wideLayout": true
      },
      "pluginVersion": "7.4.5",
      "targets": [
        {
          "datasource": "${DS_PROMETHEUS}",
          "expr": "sum(strimzi_resources{kind=\"Kafka\"})",
          "format": "time_series",
          "intervalFactor": 1,
          "refId": "A"
        }
      ],
      "title": "Kafka CRs",
      "type": "stat"
    },
    {
      "datasource": "${DS_PROMETHEUS}",
      "fieldConfig": {
        "defaults": {
          "color": {
            "mode": "thresholds"
          },
          "mappings": [
            {
              "options": {
                "match": "null",
                "result": {
                  "text": "0"
                }
              },
              "type": "special"
            }
          ],
          "thresholds": {
            "mode": "absolute",
            "steps": [
              {
                "color": "green",
                "value": null
              },
              {
                "color": "red",
                "value": 80
              }
            ]
          },
          "unit": "none"
        },
        "overrides": []
      },
      "gridPos": {
        "h": 6,
        "w": 4,
        "x": 4,
        "y": 1
      },
      "id": 15,
      "maxDataPoints": 100,
      "options": {
        "colorMode": "none",
        "graphMode": "none",
        "justifyMode": "auto",
        "orientation": "horizontal",
        "reduceOptions": {
          "calcs": [
            "lastNotNull"
          ],
          "fields": "",
          "values": false
        },
        "showPercentChange": false,
        "textMode": "auto",
        "wideLayout": true
      },
      "pluginVersion": "7.4.5",
      "targets": [
        {
          "datasource": "${DS_PROMETHEUS}",
          "expr": "sum(strimzi_resources{kind=\"KafkaUser\"})",
          "format": "time_series",
          "intervalFactor": 1,
          "refId": "A"
        }
      ],
      "title": "User CRs",
      "type": "stat"
    },
    {
      "datasource": "${DS_PROMETHEUS}",
      "fieldConfig": {
        "defaults": {
          "color": {
            "mode": "thresholds"
          },
          "mappings": [
            {
              "options": {
                "match": "null",
                "result": {
                  "text": "0"
                }
              },
              "type": "special"
            }
          ],
          "thresholds": {
            "mode": "absolute",
            "steps": [
              {
                "color": "green",
                "value": null
              },
              {
                "color": "red",
                "value": 80
              }
            ]
          },
          "unit": "none"
        },
        "overrides": []
      },
      "gridPos": {
        "h": 6,
        "w": 4,
        "x": 8,
        "y": 1
      },
      "id": 50,
      "maxDataPoints": 100,
      "options": {
        "colorMode": "none",
        "graphMode": "none",
        "justifyMode": "auto",
        "orientation": "horizontal",
        "reduceOptions": {
          "calcs": [
            "lastNotNull"
          ],
          "fields": "",
          "values": false
        },
        "showPercentChange": false,
        "textMode": "auto",
        "wideLayout": true
      },
      "pluginVersion": "7.4.5",
      "targets": [
        {
          "datasource": "${DS_PROMETHEUS}",
          "expr": "sum(strimzi_resources{kind=\"KafkaTopic\"})",
          "format": "time_series",
          "intervalFactor": 1,
          "refId": "A"
        }
      ],
      "title": "Topics CRs",
      "type": "stat"
    },
    {
      "datasource": "${DS_PROMETHEUS}",
      "fieldConfig": {
        "defaults": {
          "color": {
            "mode": "thresholds"
          },
          "mappings": [
            {
              "options": {
                "match": "null",
                "result": {
                  "text": "0"
                }
              },
              "type": "special"
            }
          ],
          "thresholds": {
            "mode": "absolute",
            "steps": [
              {
                "color": "green",
                "value": null
              },
              {
                "color": "red",
                "value": 80
              }
            ]
          },
          "unit": "none"
        },
        "overrides": []
      },
      "gridPos": {
        "h": 3,
        "w": 4,
        "x": 12,
        "y": 1
      },
      "id": 11,
      "maxDataPoints": 100,
      "options": {
        "colorMode": "none",
        "graphMode": "none",
        "justifyMode": "auto",
        "orientation": "horizontal",
        "reduceOptions": {
          "calcs": [
            "lastNotNull"
          ],
          "fields": "",
          "values": false
        },
        "showPercentChange": false,
        "textMode": "auto",
        "wideLayout": true
      },
      "pluginVersion": "7.4.5",
      "targets": [
        {
          "datasource": "${DS_PROMETHEUS}",
          "expr": "sum(strimzi_resources{kind=\"KafkaConnect\"})",
          "format": "time_series",
          "intervalFactor": 1,
          "refId": "A"
        }
      ],
      "title": "Connect CRs",
      "type": "stat"
    },
    {
      "datasource": "${DS_PROMETHEUS}",
      "fieldConfig": {
        "defaults": {
          "color": {
            "mode": "thresholds"
          },
          "mappings": [
            {
              "options": {
                "match": "null",
                "result": {
                  "text": "0"
                }
              },
              "type": "special"
            }
          ],
          "thresholds": {
            "mode": "absolute",
            "steps": [
              {
                "color": "green",
                "value": null
              },
              {
                "color": "red",
                "value": 80
              }
            ]
          },
          "unit": "none"
        },
        "overrides": []
      },
      "gridPos": {
        "h": 3,
        "w": 4,
        "x": 16,
        "y": 1
      },
      "id": 16,
      "maxDataPoints": 100,
      "options": {
        "colorMode": "none",
        "graphMode": "none",
        "justifyMode": "auto",
        "orientation": "horizontal",
        "reduceOptions": {
          "calcs": [
            "lastNotNull"
          ],
          "fields": "",
          "values": false
        },
        "showPercentChange": false,
        "textMode": "auto",
        "wideLayout": true
      },
      "pluginVersion": "7.4.5",
      "targets": [
        {
          "datasource": "${DS_PROMETHEUS}",
          "expr": "sum(strimzi_resources{kind=\"KafkaMirrorMaker2\"})",
          "format": "time_series",
          "intervalFactor": 1,
          "refId": "A"
        }
      ],
      "title": "Mirror Maker 2 CRs",
      "type": "stat"
    },
    {
      "datasource": "${DS_PROMETHEUS}",
      "fieldConfig": {
        "defaults": {
          "color": {
            "mode": "thresholds"
          },
          "mappings": [
            {
              "options": {
                "match": "null",
                "result": {
                  "text": "0"
                }
              },
              "type": "special"
            }
          ],
          "thresholds": {
            "mode": "absolute",
            "steps": [
              {
                "color": "green",
                "value": null
              },
              {
                "color": "red",
                "value": 80
              }
            ]
          },
          "unit": "none"
        },
        "overrides": []
      },
      "gridPos": {
        "h": 3,
        "w": 4,
        "x": 20,
        "y": 1
      },
      "id": 12,
      "maxDataPoints": 100,
      "options": {
        "colorMode": "none",
        "graphMode": "none",
        "justifyMode": "auto",
        "orientation": "horizontal",
        "reduceOptions": {
          "calcs": [
            "lastNotNull"
          ],
          "fields": "",
          "values": false
        },
        "showPercentChange": false,
        "textMode": "auto",
        "wideLayout": true
      },
      "pluginVersion": "7.4.5",
      "targets": [
        {
          "datasource": "${DS_PROMETHEUS}",
          "expr": "sum(strimzi_resources{kind=\"KafkaNodePool\"})",
          "format": "time_series",
          "intervalFactor": 1,
          "refId": "A"
        }
      ],
      "title": "Node Pool CRs",
      "type": "stat"
    },
    {
      "datasource": "${DS_PROMETHEUS}",
      "fieldConfig": {
        "defaults": {
          "color": {
            "mode": "thresholds"
          },
          "mappings": [
            {
              "options": {
                "match": "null",
                "result": {
                  "text": "0"
                }
              },
              "type": "special"
            }
          ],
          "thresholds": {
            "mode": "absolute",
            "steps": [
              {
                "color": "green",
                "value": null
              },
              {
                "color": "red",
                "value": 80
              }
            ]
          },
          "unit": "none"
        },
        "overrides": []
      },
      "gridPos": {
        "h": 3,
        "w": 4,
        "x": 12,
        "y": 4
      },
      "id": 13,
      "maxDataPoints": 100,
      "options": {
        "colorMode": "none",
        "graphMode": "none",
        "justifyMode": "auto",
        "orientation": "horizontal",
        "reduceOptions": {
          "calcs": [
            "lastNotNull"
          ],
          "fields": "",
          "values": false
        },
        "showPercentChange": false,
        "textMode": "auto",
        "wideLayout": true
      },
      "pluginVersion": "7.4.5",
      "targets": [
        {
          "datasource": "${DS_PROMETHEUS}",
          "expr": "sum(strimzi_resources{kind=\"KafkaBridge\"})",
          "format": "time_series",
          "intervalFactor": 1,
          "refId": "A"
        }
      ],
      "title": "Bridge CRs",
      "type": "stat"
    },
    {
      "datasource": "${DS_PROMETHEUS}",
      "fieldConfig": {
        "defaults": {
          "color": {
            "mode": "thresholds"
          },
          "mappings": [
            {
              "options": {
                "match": "null",
                "result": {
                  "text": "0"
                }
              },
              "type": "special"
            }
          ],
          "thresholds": {
            "mode": "absolute",
            "steps": [
              {
                "color": "green",
                "value": null
              },
              {
                "color": "red",
                "value": 80
              }
            ]
          },
          "unit": "none"
        },
        "overrides": []
      },
      "gridPos": {
        "h": 3,
        "w": 4,
        "x": 16,
        "y": 4
      },
      "id": 54,
      "maxDataPoints": 100,
      "options": {
        "colorMode": "none",
        "graphMode": "none",
        "justifyMode": "auto",
        "orientation": "horizontal",
        "reduceOptions": {
          "calcs": [
            "lastNotNull"
          ],
          "fields": "",
          "values": false
        },
        "showPercentChange": false,
        "textMode": "auto",
        "wideLayout": true
      },
      "pluginVersion": "7.4.5",
      "targets": [
        {
          "datasource": "${DS_PROMETHEUS}",
          "expr": "sum(strimzi_resources{kind=\"KafkaConnector\"})",
          "format": "time_series",
          "intervalFactor": 1,
          "refId": "A"
        }
      ],
      "title": "Connector CRs",
      "type": "stat"
    },
    {
      "datasource": "${DS_PROMETHEUS}",
      "fieldConfig": {
        "defaults": {
          "color": {
            "mode": "thresholds"
          },
          "mappings": [
            {
              "options": {
                "match": "null",
                "result": {
                  "text": "0"
                }
              },
              "type": "special"
            }
          ],
          "thresholds": {
            "mode": "absolute",
            "steps": [
              {
                "color": "green",
                "value": null
              },
              {
                "color": "red",
                "value": 80
              }
            ]
          },
          "unit": "none"
        },
        "overrides": []
      },
      "gridPos": {
        "h": 3,
        "w": 4,
        "x": 20,
        "y": 4
      },
      "id": 55,
      "maxDataPoints": 100,
      "options": {
        "colorMode": "none",
        "graphMode": "none",
        "justifyMode": "auto",
        "orientation": "horizontal",
        "reduceOptions": {
          "calcs": [
            "lastNotNull"
          ],
          "fields": "",
          "values": false
        },
        "showPercentChange": false,
        "textMode": "auto",
        "wideLayout": true
      },
      "pluginVersion": "7.4.5",
      "targets": [
        {
          "datasource": "${DS_PROMETHEUS}",
          "expr": "sum(strimzi_resources{kind=\"KafkaRebalance\"})",
          "format": "time_series",
          "intervalFactor": 1,
          "refId": "A"
        }
      ],
      "title": "Rebalance CRs",
      "type": "stat"
    },
    {
      "collapsed": false,
      "datasource": {
        "type": "datasource",
        "uid": "grafana"
      },
      "gridPos": {
        "h": 1,
        "w": 24,
        "x": 0,
        "y": 7
      },
      "id": 10,
      "panels": [],
      "targets": [
        {
          "datasource": {
            "type": "datasource",
            "uid": "grafana"
          },
          "refId": "A"
        }
      ],
      "title": "Reconciliations",
      "type": "row"
    },
    {
      "datasource": "${DS_PROMETHEUS}",
      "fieldConfig": {
        "defaults": {
          "color": {
            "mode": "palette-classic"
          },
          "custom": {
            "axisBorderShow": false,
            "axisCenteredZero": false,
            "axisColorMode": "text",
            "axisLabel": "",
            "axisPlacement": "auto",
            "barAlignment": 0,
            "drawStyle": "line",
            "fillOpacity": 10,
            "gradientMode": "none",
            "hideFrom": {
              "legend": false,
              "tooltip": false,
              "viz": false
            },
            "insertNulls": false,
            "lineInterpolation": "linear",
            "lineWidth": 1,
            "pointSize": 5,
            "scaleDistribution": {
              "type": "linear"
            },
            "showPoints": "never",
            "spanNulls": false,
            "stacking": {
              "group": "A",
              "mode": "none"
            },
            "thresholdsStyle": {
              "mode": "off"
            }
          },
          "links": [],
          "mappings": [],
          "thresholds": {
            "mode": "absolute",
            "steps": [
              {
                "color": "green",
                "value": null
              },
              {
                "color": "red",
                "value": 80
              }
            ]
          },
          "unit": "short"
        },
        "overrides": []
      },
      "gridPos": {
        "h": 8,
        "w": 8,
        "x": 0,
        "y": 8
      },
      "id": 48,
      "options": {
        "legend": {
          "calcs": [],
          "displayMode": "list",
          "placement": "bottom",
          "showLegend": true
        },
        "tooltip": {
          "mode": "multi",
          "sort": "none"
        }
      },
      "pluginVersion": "7.4.5",
      "targets": [
        {
          "datasource": "${DS_PROMETHEUS}",
          "expr": "sum(increase(strimzi_reconciliations_successful_total[1h])) by (kind)",
          "format": "time_series",
          "intervalFactor": 1,
          "legendFormat": "{{kind}}",
          "refId": "A"
        }
      ],
      "title": "Successful Reconciliation per hour",
      "type": "timeseries"
    },
    {
      "datasource": "${DS_PROMETHEUS}",
      "fieldConfig": {
        "defaults": {
          "color": {
            "mode": "palette-classic"
          },
          "custom": {
            "axisBorderShow": false,
            "axisCenteredZero": false,
            "axisColorMode": "text",
            "axisLabel": "",
            "axisPlacement": "auto",
            "barAlignment": 0,
            "drawStyle": "line",
            "fillOpacity": 10,
            "gradientMode": "none",
            "hideFrom": {
              "legend": false,
              "tooltip": false,
              "viz": false
            },
            "insertNulls": false,
            "lineInterpolation": "linear",
            "lineWidth": 1,
            "pointSize": 5,
            "scaleDistribution": {
              "type": "linear"
            },
            "showPoints": "never",
            "spanNulls": false,
            "stacking": {
              "group": "A",
              "mode": "none"
            },
            "thresholdsStyle": {
              "mode": "off"
            }
          },
          "links": [],
          "mappings": [],
          "thresholds": {
            "mode": "absolute",
            "steps": [
              {
                "color": "green",
                "value": null
              },
              {
                "color": "red",
                "value": 80
              }
            ]
          },
          "unit": "short"
        },
        "overrides": []
      },
      "gridPos": {
        "h": 8,
        "w": 8,
        "x": 8,
        "y": 8
      },
      "id": 49,
      "options": {
        "legend": {
          "calcs": [],
          "displayMode": "list",
          "placement": "bottom",
          "showLegend": true
        },
        "tooltip": {
          "mode": "multi",
          "sort": "none"
        }
      },
      "pluginVersion": "7.4.5",
      "targets": [
        {
          "datasource": "${DS_PROMETHEUS}",
          "expr": "sum(increase(strimzi_reconciliations_failed_total[1h])) by (kind)",
          "format": "time_series",
          "intervalFactor": 1,
          "legendFormat": "{{kind}}",
          "refId": "A"
        }
      ],
      "title": "Failed Reconciliation per hour",
      "type": "timeseries"
    },
    {
      "datasource": "${DS_PROMETHEUS}",
      "fieldConfig": {
        "defaults": {
          "color": {
            "mode": "palette-classic"
          },
          "custom": {
            "axisBorderShow": false,
            "axisCenteredZero": false,
            "axisColorMode": "text",
            "axisLabel": "",
            "axisPlacement": "auto",
            "barAlignment": 0,
            "drawStyle": "line",
            "fillOpacity": 10,
            "gradientMode": "none",
            "hideFrom": {
              "legend": false,
              "tooltip": false,
              "viz": false
            },
            "insertNulls": false,
            "lineInterpolation": "linear",
            "lineWidth": 1,
            "pointSize": 5,
            "scaleDistribution": {
              "type": "linear"
            },
            "showPoints": "never",
            "spanNulls": false,
            "stacking": {
              "group": "A",
              "mode": "none"
            },
            "thresholdsStyle": {
              "mode": "off"
            }
          },
          "links": [],
          "mappings": [],
          "thresholds": {
            "mode": "absolute",
            "steps": [
              {
                "color": "green",
                "value": null
              },
              {
                "color": "red",
                "value": 80
              }
            ]
          },
          "unit": "short"
        },
        "overrides": []
      },
      "gridPos": {
        "h": 8,
        "w": 8,
        "x": 16,
        "y": 8
      },
      "id": 51,
      "options": {
        "legend": {
          "calcs": [],
          "displayMode": "list",
          "placement": "bottom",
          "showLegend": true
        },
        "tooltip": {
          "mode": "multi",
          "sort": "none"
        }
      },
      "pluginVersion": "7.4.5",
      "targets": [
        {
          "datasource": "${DS_PROMETHEUS}",
          "expr": "sum(increase(strimzi_reconciliations_locked_total[1h])) by (kind)",
          "format": "time_series",
          "intervalFactor": 1,
          "legendFormat": "{{kind}}",
          "refId": "A"
        }
      ],
      "title": "Reconciliation without Lock per hour",
      "type": "timeseries"
    },
    {
      "datasource": "${DS_PROMETHEUS}",
      "fieldConfig": {
        "defaults": {
          "color": {
            "mode": "palette-classic"
          },
          "custom": {
            "axisBorderShow": false,
            "axisCenteredZero": false,
            "axisColorMode": "text",
            "axisLabel": "",
            "axisPlacement": "auto",
            "barAlignment": 0,
            "drawStyle": "line",
            "fillOpacity": 10,
            "gradientMode": "none",
            "hideFrom": {
              "legend": false,
              "tooltip": false,
              "viz": false
            },
            "insertNulls": false,
            "lineInterpolation": "linear",
            "lineWidth": 1,
            "pointSize": 5,
            "scaleDistribution": {
              "type": "linear"
            },
            "showPoints": "never",
            "spanNulls": false,
            "stacking": {
              "group": "A",
              "mode": "none"
            },
            "thresholdsStyle": {
              "mode": "off"
            }
          },
          "links": [],
          "mappings": [],
          "thresholds": {
            "mode": "absolute",
            "steps": [
              {
                "color": "green",
                "value": null
              },
              {
                "color": "red",
                "value": 80
              }
            ]
          },
          "unit": "short"
        },
        "overrides": []
      },
      "gridPos": {
        "h": 8,
        "w": 8,
        "x": 0,
        "y": 16
      },
      "id": 47,
      "options": {
        "legend": {
          "calcs": [],
          "displayMode": "list",
          "placement": "bottom",
          "showLegend": true
        },
        "tooltip": {
          "mode": "multi",
          "sort": "none"
        }
      },
      "pluginVersion": "7.4.5",
      "targets": [
        {
          "datasource": "${DS_PROMETHEUS}",
          "expr": "sum(increase(strimzi_reconciliations_total[1h])) by (kind)",
          "format": "time_series",
          "intervalFactor": 1,
          "legendFormat": "{{kind}}",
          "refId": "A"
        }
      ],
      "title": "Started Reconciliation per hour",
      "type": "timeseries"
    },
    {
      "datasource": "${DS_PROMETHEUS}",
      "fieldConfig": {
        "defaults": {
          "color": {
            "mode": "palette-classic"
          },
          "custom": {
            "axisBorderShow": false,
            "axisCenteredZero": false,
            "axisColorMode": "text",
            "axisLabel": "",
            "axisPlacement": "auto",
            "barAlignment": 0,
            "drawStyle": "line",
            "fillOpacity": 10,
            "gradientMode": "none",
            "hideFrom": {
              "legend": false,
              "tooltip": false,
              "viz": false
            },
            "insertNulls": false,
            "lineInterpolation": "linear",
            "lineWidth": 1,
            "pointSize": 5,
            "scaleDistribution": {
              "type": "linear"
            },
            "showPoints": "never",
            "spanNulls": false,
            "stacking": {
              "group": "A",
              "mode": "none"
            },
            "thresholdsStyle": {
              "mode": "off"
            }
          },
          "links": [],
          "mappings": [],
          "thresholds": {
            "mode": "absolute",
            "steps": [
              {
                "color": "green",
                "value": null
              },
              {
                "color": "red",
                "value": 80
              }
            ]
          },
          "unit": "short"
        },
        "overrides": []
      },
      "gridPos": {
        "h": 8,
        "w": 8,
        "x": 8,
        "y": 16
      },
      "id": 46,
      "options": {
        "legend": {
          "calcs": [],
          "displayMode": "list",
          "placement": "bottom",
          "showLegend": true
        },
        "tooltip": {
          "mode": "multi",
          "sort": "none"
        }
      },
      "pluginVersion": "7.4.5",
      "targets": [
        {
          "datasource": "${DS_PROMETHEUS}",
          "expr": "sum(increase(strimzi_reconciliations_periodical_total[1h])) by (kind)",
          "format": "time_series",
          "intervalFactor": 1,
          "legendFormat": "{{kind}}",
          "refId": "A"
        }
      ],
      "title": "Periodical Reconciliation per hour",
      "type": "timeseries"
    },
    {
      "datasource": "${DS_PROMETHEUS}",
      "fieldConfig": {
        "defaults": {
          "color": {
            "mode": "palette-classic"
          },
          "custom": {
            "axisBorderShow": false,
            "axisCenteredZero": false,
            "axisColorMode": "text",
            "axisLabel": "",
            "axisPlacement": "auto",
            "barAlignment": 0,
            "drawStyle": "line",
            "fillOpacity": 10,
            "gradientMode": "none",
            "hideFrom": {
              "legend": false,
              "tooltip": false,
              "viz": false
            },
            "insertNulls": false,
            "lineInterpolation": "linear",
            "lineWidth": 1,
            "pointSize": 5,
            "scaleDistribution": {
              "type": "linear"
            },
            "showPoints": "never",
            "spanNulls": false,
            "stacking": {
              "group": "A",
              "mode": "none"
            },
            "thresholdsStyle": {
              "mode": "off"
            }
          },
          "links": [],
          "mappings": [],
          "thresholds": {
            "mode": "absolute",
            "steps": [
              {
                "color": "green",
                "value": null
              },
              {
                "color": "red",
                "value": 80
              }
            ]
          },
          "unit": "s"
        },
        "overrides": []
      },
      "gridPos": {
        "h": 8,
        "w": 8,
        "x": 16,
        "y": 16
      },
      "hideTimeOverride": false,
      "id": 52,
      "options": {
        "legend": {
          "calcs": [],
          "displayMode": "list",
          "placement": "bottom",
          "showLegend": true
        },
        "tooltip": {
          "mode": "multi",
          "sort": "none"
        }
      },
      "pluginVersion": "7.4.5",
      "targets": [
        {
          "datasource": "${DS_PROMETHEUS}",
          "expr": "sum(strimzi_reconciliations_duration_seconds_max) by (kind)",
          "format": "time_series",
          "interval": "",
          "intervalFactor": 1,
          "legendFormat": "{{kind}}",
          "refId": "A"
        }
      ],
      "title": "Maximum reconciliation time",
      "type": "timeseries"
    },
    {
      "collapsed": false,
      "datasource": null,
      "gridPos": {
        "h": 1,
        "w": 24,
        "x": 0,
        "y": 24
      },
      "id": 59,
      "panels": [],
      "title": "Certificates",
      "type": "row"
    },
    {
      "datasource": "$DS_PROMETHEUS",
      "fieldConfig": {
        "defaults": {
          "custom": {
            "align": null,
            "filterable": true
          },
          "mappings": [],
          "thresholds": {
            "mode": "absolute",
            "steps": [
              {
                "color": "green",
                "value": null
              }
            ]
          },
          "unit": "string"
        },
        "overrides": [
          {
            "matcher": {
              "id": "byName",
              "options": "Expiry Time"
            },
            "properties": [
              {
                "id": "unit",
                "value": "dateTimeAsIso"
              }
            ]
          },
          {
            "matcher": {
              "id": "byName",
              "options": "Time To Expiry"
            },
            "properties": [
              {
                "id": "unit",
                "value": "dateTimeFromNow"
              }
            ]
          }
        ]
      },
      "gridPos": {
        "h": 8,
        "w": 24,
        "x": 0,
        "y": 25
      },
      "id": 57,
      "options": {
        "showHeader": true
      },
      "pluginVersion": "7.4.5",
      "targets": [
        {
          "expr": "sort (min by (cluster, type, resource_namespace) (strimzi_certificate_expiration_timestamp_ms))",
          "format": "table",
          "instant": true,
          "interval": "",
          "legendFormat": "",
          "refId": "A"
        }
      ],
      "timeFrom": null,
      "timeShift": null,
      "title": "Cert Expiry",
      "transformations": [
        {
          "id": "calculateField",
          "options": {
            "alias": "time_to_expiry",
            "mode": "reduceRow",
            "reduce": {
              "reducer": "last"
            }
          }
        },
        {
          "id": "organize",
          "options": {
            "excludeByName": {
              "Time": true
            },
            "indexByName": {
              "Time": 0,
              "Value": 4,
              "cluster": 1,
              "resource_namespace": 2,
              "time_to_expiry": 5,
              "type": 3
            },
            "renameByName": {
              "Value": "Expiry Time",
              "cluster": "Cluster Name",
              "resource_namespace": "Namespace",
              "time_to_expiry": "Time To Expiry",
              "type": "Type"
            }
          }
        }
      ],
      "type": "table"
    },

    {
      "collapsed": false,
      "datasource": {
        "type": "datasource",
        "uid": "grafana"
      },
      "gridPos": {
        "h": 1,
        "w": 24,
        "x": 0,
        "y": 33
      },
      "id": 18,
      "panels": [],
      "targets": [
        {
          "datasource": {
            "type": "datasource",
            "uid": "grafana"
          },
          "refId": "A"
        }
      ],
      "title": "JVM",
      "type": "row"
    },
    {
      "datasource": "${DS_PROMETHEUS}",
      "fieldConfig": {
        "defaults": {
          "color": {
            "mode": "palette-classic"
          },
          "custom": {
            "axisBorderShow": false,
            "axisCenteredZero": false,
            "axisColorMode": "text",
            "axisLabel": "",
            "axisPlacement": "auto",
            "barAlignment": 0,
            "drawStyle": "line",
            "fillOpacity": 10,
            "gradientMode": "none",
            "hideFrom": {
              "legend": false,
              "tooltip": false,
              "viz": false
            },
            "insertNulls": false,
            "lineInterpolation": "linear",
            "lineWidth": 1,
            "pointSize": 5,
            "scaleDistribution": {
              "type": "linear"
            },
            "showPoints": "never",
            "spanNulls": false,
            "stacking": {
              "group": "A",
              "mode": "none"
            },
            "thresholdsStyle": {
              "mode": "off"
            }
          },
          "links": [],
          "mappings": [],
          "thresholds": {
            "mode": "absolute",
            "steps": [
              {
                "color": "green",
                "value": null
              },
              {
                "color": "red",
                "value": 80
              }
            ]
          },
          "unit": "decbytes"
        },
        "overrides": []
      },
      "gridPos": {
        "h": 7,
        "w": 8,
        "x": 0,
        "y": 34
      },
      "id": 20,
      "options": {
        "legend": {
          "calcs": [],
          "displayMode": "list",
          "placement": "bottom",
          "showLegend": true
        },
        "tooltip": {
          "mode": "multi",
          "sort": "none"
        }
      },
      "pluginVersion": "7.4.5",
      "targets": [
        {
          "datasource": "${DS_PROMETHEUS}",
          "expr": "sum(jvm_memory_used_bytes{container=~\"user-operator|topic-operator|strimzi-cluster-operator\"}) by (container)",
          "format": "time_series",
          "intervalFactor": 1,
          "legendFormat": "{{container}}",
          "refId": "A"
        }
      ],
      "title": "JVM Memory Used",
      "type": "timeseries"
    },
    {
      "datasource": "${DS_PROMETHEUS}",
      "fieldConfig": {
        "defaults": {
          "color": {
            "mode": "palette-classic"
          },
          "custom": {
            "axisBorderShow": false,
            "axisCenteredZero": false,
            "axisColorMode": "text",
            "axisLabel": "",
            "axisPlacement": "auto",
            "barAlignment": 0,
            "drawStyle": "line",
            "fillOpacity": 10,
            "gradientMode": "none",
            "hideFrom": {
              "legend": false,
              "tooltip": false,
              "viz": false
            },
            "insertNulls": false,
            "lineInterpolation": "linear",
            "lineWidth": 1,
            "pointSize": 5,
            "scaleDistribution": {
              "type": "linear"
            },
            "showPoints": "never",
            "spanNulls": false,
            "stacking": {
              "group": "A",
              "mode": "none"
            },
            "thresholdsStyle": {
              "mode": "off"
            }
          },
          "links": [],
          "mappings": [],
          "thresholds": {
            "mode": "absolute",
            "steps": [
              {
                "color": "green",
                "value": null
              },
              {
                "color": "red",
                "value": 80
              }
            ]
          },
          "unit": "ms"
        },
        "overrides": []
      },
      "gridPos": {
        "h": 7,
        "w": 8,
        "x": 8,
        "y": 34
      },
      "id": 21,
      "options": {
        "legend": {
          "calcs": [],
          "displayMode": "list",
          "placement": "bottom",
          "showLegend": true
        },
        "tooltip": {
          "mode": "multi",
          "sort": "none"
        }
      },
      "pluginVersion": "7.4.5",
      "targets": [
        {
          "datasource": "${DS_PROMETHEUS}",
          "expr": "sum(rate(jvm_gc_pause_seconds_sum{container=~\"user-operator|topic-operator|strimzi-cluster-operator\"}[5m])) by (container)",
          "format": "time_series",
          "intervalFactor": 1,
          "legendFormat": "{{container}}",
          "refId": "A"
        }
      ],
      "title": "JVM GC Time",
      "type": "timeseries"
    },
    {
      "datasource": "${DS_PROMETHEUS}",
      "fieldConfig": {
        "defaults": {
          "color": {
            "mode": "palette-classic"
          },
          "custom": {
            "axisBorderShow": false,
            "axisCenteredZero": false,
            "axisColorMode": "text",
            "axisLabel": "",
            "axisPlacement": "auto",
            "barAlignment": 0,
            "drawStyle": "line",
            "fillOpacity": 10,
            "gradientMode": "none",
            "hideFrom": {
              "legend": false,
              "tooltip": false,
              "viz": false
            },
            "insertNulls": false,
            "lineInterpolation": "linear",
            "lineWidth": 1,
            "pointSize": 5,
            "scaleDistribution": {
              "type": "linear"
            },
            "showPoints": "never",
            "spanNulls": false,
            "stacking": {
              "group": "A",
              "mode": "none"
            },
            "thresholdsStyle": {
              "mode": "off"
            }
          },
          "links": [],
          "mappings": [],
          "thresholds": {
            "mode": "absolute",
            "steps": [
              {
                "color": "green",
                "value": null
              },
              {
                "color": "red",
                "value": 80
              }
            ]
          },
          "unit": "short"
        },
        "overrides": []
      },
      "gridPos": {
        "h": 7,
        "w": 8,
        "x": 16,
        "y": 34
      },
      "id": 22,
      "options": {
        "legend": {
          "calcs": [],
          "displayMode": "list",
          "placement": "bottom",
          "showLegend": true
        },
        "tooltip": {
          "mode": "multi",
          "sort": "none"
        }
      },
      "pluginVersion": "7.4.5",
      "targets": [
        {
          "datasource": "${DS_PROMETHEUS}",
          "expr": "sum(rate(jvm_gc_pause_seconds_count{container=~\"user-operator|topic-operator|strimzi-cluster-operator\"}[5m])) by (container)",
          "format": "time_series",
          "intervalFactor": 1,
          "legendFormat": "{{container}}",
          "refId": "A"
        }
      ],
      "title": "JVM GC Count",
      "type": "timeseries"
    }
  ],
  "refresh": "5s",
  "schemaVersion": 39,
  "tags": [
    "Strimzi",
    "Operators"
  ],
  "templating": {
    "list": [
      {
        "current": {},
        "error": null,
        "hide": 0,
        "includeAll": false,
        "label": "datasource",
        "multi": false,
        "name": "DS_PROMETHEUS",
        "options": [],
        "query": "prometheus",
        "refresh": 1,
        "regex": "",
        "skipUrlSync": false,
        "type": "datasource"
      }
    ]
  },
  "time": {
    "from": "now-1h",
    "to": "now"
  },
  "timepicker": {
    "refresh_intervals": [
      "5s",
      "10s",
      "30s",
      "1m",
      "5m",
      "15m",
      "30m",
      "1h",
      "2h",
      "1d"
    ],
    "time_options": [
      "5m",
      "15m",
      "1h",
      "6h",
      "12h",
      "24h",
      "2d",
      "7d",
      "30d"
    ]
  },
  "timezone": "",
  "title": "Strimzi Operators",
  "version": 6,
  "weekStart": ""
}
